codigomuestra,parcela,usuarioident,fechacreacionident,fechaenvioident,idodkident,fechaidentificacion,identificadores,otrosidentificadores,idparentalidentificaciones,identificaciones
P1M3,p1,uid:dahianagb07|2019-08-27T17:29:46.698583Z,2019-09-26 17:42:39.432,2019-09-26 17:42:39.425,uuid:9833e53b-0fb0-4866-860e-91a72c8d7eb5,2019-09-26 00:00:00,"dgb,otra",El tali,uuid:9833e53b-0fb0-4866-860e-91a72c8d7eb5,pheidolesp
P27M2,p27,uid:dahianagb07|2019-08-27T17:29:46.698583Z,2019-09-26 17:42:39.758,2019-09-26 17:42:39.754,uuid:a09b4476-29aa-45b7-bee6-d9bcd8bf2ab1,2019-09-26 00:00:00,"dgb,otra",El tali,uuid:a09b4476-29aa-45b7-bee6-d9bcd8bf2ab1,"pheidolesp,solenopsissp"
P1M2,p1,uid:dahianagb07|2019-08-27T17:29:46.698583Z,2019-09-26 17:42:40.108,2019-09-26 17:42:40.094,uuid:85a9f5da-78f8-4823-ba71-240693f2613d,2019-09-26 00:00:00,"dgb,otra",El tali,uuid:85a9f5da-78f8-4823-ba71-240693f2613d,paratrechinasp
P25M3,p25,uid:dahianagb07|2019-08-27T17:29:46.698583Z,2019-10-02 14:17:51.143,2019-10-02 14:17:51.137,uuid:cbc8e427-7d09-4928-b437-803131ef6673,2019-10-02 00:00:00,dgb,NULL,uuid:cbc8e427-7d09-4928-b437-803131ef6673,solenopsissp
P1M1,p1,uid:dahianagb07|2019-08-27T17:29:46.698583Z,2019-10-02 14:17:51.571,2019-10-02 14:17:51.562,uuid:6f4ab141-d70b-4a92-909e-aaf7c5ddfca6,2019-10-02 00:00:00,dgb,NULL,uuid:6f4ab141-d70b-4a92-909e-aaf7c5ddfca6,paratrechinasp
P4M2,p10,uid:dahianagb07|2019-08-27T17:29:46.698583Z,2019-10-02 14:17:51.944,2019-10-02 14:17:51.934,uuid:e099700b-ba60-47da-b18a-3306c34a5416,2019-10-02 00:00:00,dgb,NULL,uuid:e099700b-ba60-47da-b18a-3306c34a5416,solenopsissp
P27M2,p27,uid:dahianagb07|2019-08-27T17:29:46.698583Z,2019-10-02 14:17:52.447,2019-10-02 14:17:52.439,uuid:ee61b671-fd14-48d1-9843-3268edf24de8,2019-10-02 00:00:00,dgb,NULL,uuid:ee61b671-fd14-48d1-9843-3268edf24de8,solenopsissp
P10M1,p10,uid:dahianagb07|2019-08-27T17:29:46.698583Z,2019-10-02 14:17:52.821,2019-10-02 14:17:52.813,uuid:fe6256eb-00f5-43c7-a2bb-09d59a964c30,2019-10-02 00:00:00,dgb,NULL,uuid:fe6256eb-00f5-43c7-a2bb-09d59a964c30,dorymyrmexsp
25M1,p25,uid:dahianagb07|2019-08-27T17:29:46.698583Z,2019-10-02 14:17:53.426,2019-10-02 14:17:53.421,uuid:00fc68f2-ff88-471f-9012-502c126e3af6,2019-10-02 00:00:00,dgb,NULL,uuid:00fc68f2-ff88-471f-9012-502c126e3af6,solenopsissp
P25M2,p25,uid:dahianagb07|2019-08-27T17:29:46.698583Z,2019-10-02 14:17:53.864,2019-10-02 14:17:53.854,uuid:62e236ac-9b2c-4244-8149-8c88077e72b3,2019-10-02 00:00:00,dgb,NULL,uuid:62e236ac-9b2c-4244-8149-8c88077e72b3,pheidolesp
P10M3,p10,uid:dahianagb07|2019-08-27T17:29:46.698583Z,2019-10-02 14:17:54.638,2019-10-02 14:17:54.634,uuid:5e76d094-8f22-4060-9825-c7bf3c3027a8,2019-10-02 00:00:00,dgb,NULL,uuid:5e76d094-8f22-4060-9825-c7bf3c3027a8,paratrechinasp
P78M1,p78,uid:dahianagb07|2019-08-27T17:29:46.698583Z,2019-10-02 14:17:54.937,2019-10-02 14:17:54.931,uuid:60063602-c4d4-4b31-acd7-db3ae28b451e,2019-10-02 00:00:00,dgb,NULL,uuid:60063602-c4d4-4b31-acd7-db3ae28b451e,dorymyrmexsp
P163M2,p163,uid:dahianagb07|2019-08-27T17:29:46.698583Z,2019-10-02 14:17:55.486,2019-10-02 14:17:55.48,uuid:f6c16c33-db50-43d0-a5b9-7b5bbeb37d02,2019-10-02 00:00:00,dgb,NULL,uuid:f6c16c33-db50-43d0-a5b9-7b5bbeb37d02,paratrechinasp
M70M2,p70,uid:dahianagb07|2019-08-27T17:29:46.698583Z,2019-10-02 14:17:55.826,2019-10-02 14:17:55.819,uuid:1e2128c5-fbb9-4955-8f5a-0f879635ff31,2019-10-02 00:00:00,dgb,NULL,uuid:1e2128c5-fbb9-4955-8f5a-0f879635ff31,dorymyrmexsp
P147M1,p8,uid:dahianagb07|2019-08-27T17:29:46.698583Z,2019-10-02 14:17:56.375,2019-10-02 14:17:56.371,uuid:5ebecff3-7640-4105-b4d1-d42c5b9aa308,2019-10-02 00:00:00,dgb,NULL,uuid:5ebecff3-7640-4105-b4d1-d42c5b9aa308,pheidolesp
P147M1,p147,uid:dahianagb07|2019-08-27T17:29:46.698583Z,2019-10-02 14:17:56.667,2019-10-02 14:17:56.663,uuid:9b14c311-f16f-4b23-b39c-c3020c3657d2,2019-10-02 00:00:00,dgb,NULL,uuid:9b14c311-f16f-4b23-b39c-c3020c3657d2,pheidolesp
P147M2,p147,uid:dahianagb07|2019-08-27T17:29:46.698583Z,2019-10-02 14:17:56.949,2019-10-02 14:17:56.933,uuid:eaf3b2bf-1d15-43be-a368-fe1e42e07203,2019-10-02 00:00:00,dgb,NULL,uuid:eaf3b2bf-1d15-43be-a368-fe1e42e07203,dorymyrmexsp
P163M1,p163,uid:dahianagb07|2019-08-27T17:29:46.698583Z,2019-10-02 14:17:57.882,2019-10-02 14:17:57.879,uuid:fb13ff12-e482-4a79-9201-2ad507ebce68,2019-10-02 00:00:00,dgb,NULL,uuid:fb13ff12-e482-4a79-9201-2ad507ebce68,solenopsissp
P70M3,p70,uid:dahianagb07|2019-08-27T17:29:46.698583Z,2019-10-02 14:17:58.366,2019-10-02 14:17:58.362,uuid:002683f0-4227-47de-a35f-2769ace230a5,2019-10-02 00:00:00,dgb,NULL,uuid:002683f0-4227-47de-a35f-2769ace230a5,solenopsissp
P42M2,p42,uid:dahianagb07|2019-08-27T17:29:46.698583Z,2019-10-02 14:17:58.658,2019-10-02 14:17:58.653,uuid:4b3bca7b-b32a-4d12-93d3-de7b297b0b5d,2019-10-02 00:00:00,dgb,NULL,uuid:4b3bca7b-b32a-4d12-93d3-de7b297b0b5d,dorymyrmexsp
P42M1,p42,uid:dahianagb07|2019-08-27T17:29:46.698583Z,2019-10-02 14:17:58.951,2019-10-02 14:17:58.947,uuid:956856ca-c4c7-4bed-9246-571c326fb4c8,2019-10-02 00:00:00,dgb,NULL,uuid:956856ca-c4c7-4bed-9246-571c326fb4c8,solenopsissp
PN42M3,p42,uid:enrique193|2019-08-27T17:32:44.132698Z,2019-10-02 14:55:52.613,2019-10-02 14:55:52.607,uuid:4389ecc0-2d00-429f-a094-75203825a38a,2019-10-02 00:00:00,eagv,NULL,uuid:4389ecc0-2d00-429f-a094-75203825a38a,solenopsissp
PN42M1,p42,uid:enrique193|2019-08-27T17:32:44.132698Z,2019-10-02 15:21:16.228,2019-10-02 15:21:16.223,uuid:96b215fd-0a6f-4f96-9e18-8582205aca2a,2019-10-02 00:00:00,eagv,NULL,uuid:96b215fd-0a6f-4f96-9e18-8582205aca2a,"monomoriumsp,solenopsissp"
PN42M2,p42,uid:enrique193|2019-08-27T17:32:44.132698Z,2019-10-02 16:29:37.151,2019-10-02 16:29:37.147,uuid:17227113-7725-4f02-bbd3-1e1aadf8f084,2019-10-02 00:00:00,eagv,NULL,uuid:17227113-7725-4f02-bbd3-1e1aadf8f084,solenopsissp
PN22M1,p22,uid:enrique193|2019-08-27T17:32:44.132698Z,2019-10-02 16:29:37.376,2019-10-02 16:29:37.368,uuid:9ea67257-64e2-47af-9718-b41b5f4bcfdb,2019-10-02 00:00:00,eagv,NULL,uuid:9ea67257-64e2-47af-9718-b41b5f4bcfdb,monomoriumsp
PN22M2,p22,uid:enrique193|2019-08-27T17:32:44.132698Z,2019-10-02 16:29:37.633,2019-10-02 16:29:37.63,uuid:a996f1a9-fe0b-423b-ba86-8f32dfac98d3,2019-10-02 00:00:00,eagv,NULL,uuid:a996f1a9-fe0b-423b-ba86-8f32dfac98d3,monomoriumsp
PN42M4,p42,uid:enrique193|2019-08-27T17:32:44.132698Z,2019-10-02 16:29:37.848,2019-10-02 16:29:37.845,uuid:4809e5b2-999d-4f21-b74e-bbbdff0db35e,2019-10-02 00:00:00,eagv,NULL,uuid:4809e5b2-999d-4f21-b74e-bbbdff0db35e,paratrechinasp
PN21M1,p21,uid:enrique193|2019-08-27T17:32:44.132698Z,2019-10-02 16:29:38.062,2019-10-02 16:29:38.057,uuid:02692c86-9866-4380-bae8-5c7658934b57,2019-10-02 00:00:00,eagv,NULL,uuid:02692c86-9866-4380-bae8-5c7658934b57,solenopsissp
P70M1,p70,uid:dahianagb07|2019-08-27T17:29:46.698583Z,2019-10-02 18:07:49.355,2019-10-02 18:07:49.351,uuid:512ed2f7-effc-4ea5-a914-1f28a75ccf2e,2019-10-02 00:00:00,dgb,NULL,uuid:512ed2f7-effc-4ea5-a914-1f28a75ccf2e,solenopsissp
20190927B1,p182,uid:bidelkiscastillo|2019-08-27T17:29:46.697501Z,2019-10-16 21:56:48.675,2019-10-16 21:56:48.668,uuid:40af017e-3e55-4ce0-bd96-2d37bf0adae4,2019-10-16 00:00:00,bacs,NULL,uuid:40af017e-3e55-4ce0-bd96-2d37bf0adae4,"dorymyrmexsp,pheidolesp"
20190927B2,p105,uid:bidelkiscastillo|2019-08-27T17:29:46.697501Z,2019-10-16 21:56:48.987,2019-10-16 21:56:48.979,uuid:90278726-0e67-4aff-91f5-657416443979,2019-10-16 00:00:00,bacs,NULL,uuid:90278726-0e67-4aff-91f5-657416443979,paratrechinasp
20191012B5,p17,uid:bidelkiscastillo|2019-08-27T17:29:46.697501Z,2019-10-16 21:56:49.243,2019-10-16 21:56:49.235,uuid:d185eb2c-b9ae-43f4-a72d-c55ce20cb82f,2019-10-16 00:00:00,bacs,NULL,uuid:d185eb2c-b9ae-43f4-a72d-c55ce20cb82f,solenopsissp
20190928B3,p169,uid:bidelkiscastillo|2019-08-27T17:29:46.697501Z,2019-10-16 21:56:49.517,2019-10-16 21:56:49.513,uuid:785b0a63-f3b9-4331-9839-69e578ca43be,2019-10-16 00:00:00,bacs,NULL,uuid:785b0a63-f3b9-4331-9839-69e578ca43be,"dorymyrmexsp,reina(s)"
20190928B4,p122,uid:bidelkiscastillo|2019-08-27T17:29:46.697501Z,2019-10-16 21:56:49.982,2019-10-16 21:56:49.976,uuid:a842255c-d3aa-4402-9448-6bcf8805d78f,2019-10-16 00:00:00,bacs,NULL,uuid:a842255c-d3aa-4402-9448-6bcf8805d78f,dorymyrmexsp
20191012B6,p53,uid:bidelkiscastillo|2019-08-27T17:29:46.697501Z,2019-10-16 21:56:50.212,2019-10-16 21:56:50.206,uuid:d55a1deb-60c5-4e1a-9326-1cbe00ba2982,2019-10-16 00:00:00,bacs,NULL,uuid:d55a1deb-60c5-4e1a-9326-1cbe00ba2982,"pseudomyrmexsp,solenopsissp"
20191012B7,p39,uid:bidelkiscastillo|2019-08-27T17:29:46.697501Z,2019-10-16 21:56:50.457,2019-10-16 21:56:50.452,uuid:ae8af103-6943-4865-97d2-754edf99897b,2019-10-16 00:00:00,bacs,NULL,uuid:ae8af103-6943-4865-97d2-754edf99897b,dorymyrmexsp
20191014B8,p160,uid:bidelkiscastillo|2019-08-27T17:29:46.697501Z,2019-10-16 21:56:50.68,2019-10-16 21:56:50.675,uuid:8fa8cc2e-e7a2-4714-a25c-6cf34428471d,2019-10-16 00:00:00,bacs,NULL,uuid:8fa8cc2e-e7a2-4714-a25c-6cf34428471d,dorymyrmexsp
20191014B9,p78,uid:bidelkiscastillo|2019-08-27T17:29:46.697501Z,2019-10-16 21:56:50.938,2019-10-16 21:56:50.934,uuid:09ddaca1-4aa4-4f5a-a41b-71db57295ae0,2019-10-16 00:00:00,bacs,NULL,uuid:09ddaca1-4aa4-4f5a-a41b-71db57295ae0,dorymyrmexsp
20191014B10,p187,uid:bidelkiscastillo|2019-08-27T17:29:46.697501Z,2019-10-16 21:56:51.195,2019-10-16 21:56:51.189,uuid:fa052fb7-a738-46f6-8024-fe7965048321,2019-10-16 00:00:00,bacs,NULL,uuid:fa052fb7-a738-46f6-8024-fe7965048321,"dorymyrmexsp,paratrechinasp"
20191014M07,p97,uid:emdilone|2019-08-29T15:45:41.211906Z,2019-10-17 16:26:45.762,2019-10-17 16:26:45.747,uuid:75625987-c772-4c24-bd53-e7bdd23a6638,2019-10-14 00:00:00,emdr,NULL,uuid:75625987-c772-4c24-bd53-e7bdd23a6638,"brachymyrmexsp,monomoriumsp,pheidolesp"
20190927M01,p182,uid:emdilone|2019-08-29T15:45:41.211906Z,2019-10-17 18:43:26.473,2019-10-17 18:43:26.463,uuid:adb97e47-01f7-4c47-bfb0-1f9c0105fdda,2019-10-17 00:00:00,emdr,NULL,uuid:adb97e47-01f7-4c47-bfb0-1f9c0105fdda,"dorymyrmexsp,monomoriumsp,pheidolesp"
Pn166 m3,p166,uid:enrique193|2019-08-27T17:32:44.132698Z,2019-10-17 21:24:16.457,2019-10-17 21:24:16.451,uuid:f2a74eeb-8a5d-4a0e-b81a-ad8d77cbb23a,2019-10-17 00:00:00,eagv,NULL,uuid:f2a74eeb-8a5d-4a0e-b81a-ad8d77cbb23a,solenopsissp
Pn167 m2,p167,uid:enrique193|2019-08-27T17:32:44.132698Z,2019-10-17 21:24:16.715,2019-10-17 21:24:16.71,uuid:2aeb4995-2934-487c-ba9d-c6cc5dee241b,2019-10-17 00:00:00,eagv,NULL,uuid:2aeb4995-2934-487c-ba9d-c6cc5dee241b,solenopsissp
166m4,p166,uid:enrique193|2019-08-27T17:32:44.132698Z,2019-10-17 21:24:16.968,2019-10-17 21:24:16.963,uuid:0b1a3b4d-f431-4660-aac8-00a3ef2f9d9e,2019-10-17 00:00:00,eagv,NULL,uuid:0b1a3b4d-f431-4660-aac8-00a3ef2f9d9e,solenopsissp
Pn151m1,p151,uid:enrique193|2019-08-27T17:32:44.132698Z,2019-10-17 21:24:17.219,2019-10-17 21:24:17.213,uuid:7de5905f-bb29-4467-bdc2-a464d5ca04e2,2019-10-17 00:00:00,eagv,NULL,uuid:7de5905f-bb29-4467-bdc2-a464d5ca04e2,paratrechinasp
Pn77m1,p77,uid:enrique193|2019-08-27T17:32:44.132698Z,2019-10-17 21:24:17.47,2019-10-17 21:24:17.457,uuid:b05010be-0ea9-4a1f-b939-82cd7651ed73,2019-10-17 00:00:00,eagv,NULL,uuid:b05010be-0ea9-4a1f-b939-82cd7651ed73,solenopsissp
Pn167m3,p167,uid:enrique193|2019-08-27T17:32:44.132698Z,2019-10-17 21:24:17.724,2019-10-17 21:24:17.715,uuid:b68b506b-7410-411e-9be8-d72ae804ff20,2019-10-17 00:00:00,eagv,NULL,uuid:b68b506b-7410-411e-9be8-d72ae804ff20,monomoriumsp
Pn166m2,p166,uid:enrique193|2019-08-27T17:32:44.132698Z,2019-10-17 21:24:17.983,2019-10-17 21:24:17.977,uuid:6d132bf2-eaf8-4d94-8f82-cd3836858dbd,2019-10-17 00:00:00,eagv,NULL,uuid:6d132bf2-eaf8-4d94-8f82-cd3836858dbd,solenopsissp
Pn166m1,p166,uid:enrique193|2019-08-27T17:32:44.132698Z,2019-10-17 21:24:18.244,2019-10-17 21:24:18.232,uuid:4d6de643-e0ab-406a-b6d7-9de7bc42bb18,2019-10-17 00:00:00,eagv,NULL,uuid:4d6de643-e0ab-406a-b6d7-9de7bc42bb18,paratrechinasp
Pn151m2,p155,uid:enrique193|2019-08-27T17:32:44.132698Z,2019-10-17 21:24:18.494,2019-10-17 21:24:18.488,uuid:073ea94d-4812-485c-b346-842e80f1f106,2019-10-17 00:00:00,eagv,NULL,uuid:073ea94d-4812-485c-b346-842e80f1f106,paratrechinasp
Pn86m1,p86,uid:enrique193|2019-08-27T17:32:44.132698Z,2019-10-17 21:27:51.933,2019-10-17 21:27:51.929,uuid:46845763-85ed-4f0a-b963-4d8bb4515a64,2019-10-17 00:00:00,eagv,NULL,uuid:46845763-85ed-4f0a-b963-4d8bb4515a64,solenopsissp
Pn167m1,p167,uid:enrique193|2019-08-27T17:32:44.132698Z,2019-10-17 21:40:31.16,2019-10-17 21:40:31.156,uuid:f36de337-95c7-48a1-a8cb-68ef51c8a2ce,2019-10-17 00:00:00,eagv,NULL,uuid:f36de337-95c7-48a1-a8cb-68ef51c8a2ce,solenopsissp
m1,p148,uid:mangoland|2019-08-27T17:32:44.139596Z,2019-10-17 23:21:02.89,2019-10-17 23:21:02.884,uuid:41d72961-0112-466c-9122-c5bbbc62fee2,2019-10-16 00:00:00,"mlt,otra",Juda Martinez,uuid:41d72961-0112-466c-9122-c5bbbc62fee2,"dorymyrmexantillana,paratrechinalongicornis"
20191410k9.2,p78,uid:maritzafg|2019-08-27T17:32:44.140548Z,2019-10-31 14:26:54.36,2019-10-31 14:26:54.354,uuid:44154a6c-5daf-48ee-a56c-2f555cbfe5c2,2019-10-18 00:00:00,kmfg,NULL,uuid:44154a6c-5daf-48ee-a56c-2f555cbfe5c2,"dorymyrmexsp,pheidolesp"
20191410k11.1,p27,uid:maritzafg|2019-08-27T17:32:44.140548Z,2019-10-31 14:51:13.849,2019-10-31 14:51:13.844,uuid:5333ff5a-2227-4783-bb7f-e3107c82ac84,2019-10-31 00:00:00,kmfg,NULL,uuid:5333ff5a-2227-4783-bb7f-e3107c82ac84,solenopsissp
20191410k11.2,p27,uid:maritzafg|2019-08-27T17:32:44.140548Z,2019-10-31 14:51:14.1,2019-10-31 14:51:14.094,uuid:98cf39c6-ba65-4339-b9d2-14842d883fbf,2019-10-31 00:00:00,kmfg,NULL,uuid:98cf39c6-ba65-4339-b9d2-14842d883fbf,brachymyrmexsp
20191410k11.3,p27,uid:maritzafg|2019-08-27T17:32:44.140548Z,2019-10-31 14:51:14.334,2019-10-31 14:51:14.328,uuid:d38d1de6-775a-4f34-a1bb-4f86f28fbe65,2019-10-31 00:00:00,kmfg,NULL,uuid:d38d1de6-775a-4f34-a1bb-4f86f28fbe65,brachymyrmexsp
20191410k11.4,p27,uid:maritzafg|2019-08-27T17:32:44.140548Z,2019-10-31 14:51:14.551,2019-10-31 14:51:14.544,uuid:6c3e5d6d-7396-45f6-899a-1bf7444e9711,2019-10-31 00:00:00,kmfg,NULL,uuid:6c3e5d6d-7396-45f6-899a-1bf7444e9711,dorymyrmexsp
20191410k11.5,p27,uid:maritzafg|2019-08-27T17:32:44.140548Z,2019-10-31 14:51:14.778,2019-10-31 14:51:14.76,uuid:f4d1274f-09cb-4d14-a271-a1e1c33abc23,2019-10-31 00:00:00,kmfg,NULL,uuid:f4d1274f-09cb-4d14-a271-a1e1c33abc23,dorymyrmexsp
20191410k11.6,p27,uid:maritzafg|2019-08-27T17:32:44.140548Z,2019-10-31 14:51:15.006,2019-10-31 14:51:15.002,uuid:1775291a-4d2f-4e84-82b7-6f4d3e28dfe8,2019-10-31 00:00:00,kmfg,NULL,uuid:1775291a-4d2f-4e84-82b7-6f4d3e28dfe8,solenopsissp
20191410k11.7,p27,uid:maritzafg|2019-08-27T17:32:44.140548Z,2019-10-31 14:51:15.226,2019-10-31 14:51:15.218,uuid:28a318fb-93e1-4b20-9b9f-55c5f4e1453c,2019-10-31 00:00:00,kmfg,NULL,uuid:28a318fb-93e1-4b20-9b9f-55c5f4e1453c,brachymyrmexsp
20191013k7.1,p179,uid:maritzafg|2019-08-27T17:32:44.140548Z,2019-10-31 14:54:08.603,2019-10-31 14:54:08.596,uuid:3cf256c4-be3f-4e39-adce-f43d32f8d9fa,2019-10-18 00:00:00,kmfg,NULL,uuid:3cf256c4-be3f-4e39-adce-f43d32f8d9fa,brachymyrmexsp
20191013k7,p179,uid:maritzafg|2019-08-27T17:32:44.140548Z,2019-10-31 14:54:08.813,2019-10-31 14:54:08.808,uuid:d2315b6c-c3ed-442d-891c-912a76474545,2019-10-18 00:00:00,kmfg,NULL,uuid:d2315b6c-c3ed-442d-891c-912a76474545,dorymyrmexsp
20191012k4,p66,uid:maritzafg|2019-08-27T17:32:44.140548Z,2019-10-31 14:56:16.453,2019-10-31 14:56:16.445,uuid:936c79d7-6164-4fd4-8076-db7cdf6dc3cb,2019-10-16 00:00:00,kmfg,NULL,uuid:936c79d7-6164-4fd4-8076-db7cdf6dc3cb,solenopsissp
20191012k4.2,p66,uid:maritzafg|2019-08-27T17:32:44.140548Z,2019-10-31 14:56:16.647,2019-10-31 14:56:16.641,uuid:2c0b3cef-fb22-4b24-8b4d-12906cb75fdc,2019-10-18 00:00:00,kmfg,NULL,uuid:2c0b3cef-fb22-4b24-8b4d-12906cb75fdc,dorymyrmexsp
20191012k4.1,p66,uid:maritzafg|2019-08-27T17:32:44.140548Z,2019-10-31 14:56:16.867,2019-10-31 14:56:16.862,uuid:22f23020-4745-47ee-84f5-b79ebe97fa15,2019-10-18 00:00:00,kmfg,NULL,uuid:22f23020-4745-47ee-84f5-b79ebe97fa15,solenopsissp
20191012k5.1,p160,uid:maritzafg|2019-08-27T17:32:44.140548Z,2019-10-31 15:02:44.261,2019-10-31 15:02:44.214,uuid:454ae767-1a39-42c3-85fb-1d1a06adbc15,2019-10-18 00:00:00,kmfg,NULL,uuid:454ae767-1a39-42c3-85fb-1d1a06adbc15,"brachymyrmexsp,dorymyrmexsp,pheidolejamaicensis,pseudoponerasp,solenopsissp"
20191012k5,p179,uid:maritzafg|2019-08-27T17:32:44.140548Z,2019-10-31 15:02:44.493,2019-10-31 15:02:44.483,uuid:de761dc2-d945-4c75-8bcc-ec5be16d2571,2019-10-24 00:00:00,kmfg,NULL,uuid:de761dc2-d945-4c75-8bcc-ec5be16d2571,solenopsissp
20191013k3,p143,uid:maritzafg|2019-08-27T17:32:44.140548Z,2019-10-31 15:07:41.147,2019-10-31 15:07:41.136,uuid:4119dfa0-e30d-4828-888b-f7ed187588dd,2019-10-16 00:00:00,kmfg,NULL,uuid:4119dfa0-e30d-4828-888b-f7ed187588dd,solenopsissp
20190928k3,p143,uid:maritzafg|2019-08-27T17:32:44.140548Z,2019-10-31 15:07:41.347,2019-10-31 15:07:41.343,uuid:87945b65-c5ed-461c-9bdf-9377c01e1e06,2019-10-16 00:00:00,kmfg,NULL,uuid:87945b65-c5ed-461c-9bdf-9377c01e1e06,brachymyrmexsp
20191014k9,p78,uid:maritzafg|2019-08-27T17:32:44.140548Z,2019-10-31 15:08:38.407,2019-10-31 15:08:38.402,uuid:b9c51b36-6d19-4299-a380-387c82e95b95,2019-10-18 00:00:00,kmfg,NULL,uuid:b9c51b36-6d19-4299-a380-387c82e95b95,dorymyrmexsp
20191014k9.1,p78,uid:maritzafg|2019-08-27T17:32:44.140548Z,2019-10-31 15:08:38.617,2019-10-31 15:08:38.613,uuid:f9cc1dd4-2fbc-4b08-829d-1452fd815c73,2019-10-18 00:00:00,kmfg,NULL,uuid:f9cc1dd4-2fbc-4b08-829d-1452fd815c73,cardiocondylasp
20191014k9.3,p78,uid:maritzafg|2019-08-27T17:32:44.140548Z,2019-10-31 15:08:38.823,2019-10-31 15:08:38.82,uuid:ce0eda19-57d2-443d-8a8f-648a0a459304,2019-10-18 00:00:00,kmfg,NULL,uuid:ce0eda19-57d2-443d-8a8f-648a0a459304,"brachymyrmexheeri,cardiocondylasp"
20191013k8,p131,uid:maritzafg|2019-08-27T17:32:44.140548Z,2019-10-31 15:08:39.023,2019-10-31 15:08:39.013,uuid:8325e6a1-5352-4da2-88f7-1514622db378,2019-10-24 00:00:00,kmfg,NULL,uuid:8325e6a1-5352-4da2-88f7-1514622db378,"brachymyrmexsp,monomoriumsp"
20191012k6,p168,uid:maritzafg|2019-08-27T17:32:44.140548Z,2019-10-31 15:08:39.252,2019-10-31 15:08:39.249,uuid:1e421bbd-c37e-43f8-9e72-60c341c81322,2019-10-24 00:00:00,kmfg,NULL,uuid:1e421bbd-c37e-43f8-9e72-60c341c81322,dorymyrmexsp
20191410k10,p25,uid:maritzafg|2019-08-27T17:32:44.140548Z,2019-10-31 15:08:39.475,2019-10-31 15:08:39.471,uuid:2476d78c-42dc-429b-9334-1f3d2c314c5b,2019-10-24 00:00:00,kmfg,NULL,uuid:2476d78c-42dc-429b-9334-1f3d2c314c5b,dorymyrmexsp
20191410k11,p27,uid:maritzafg|2019-08-27T17:32:44.140548Z,2019-10-31 15:08:39.705,2019-10-31 15:08:39.7,uuid:8d8679b6-66cc-4c1a-8ed4-e10bd3c42c10,2019-10-31 00:00:00,kmfg,NULL,uuid:8d8679b6-66cc-4c1a-8ed4-e10bd3c42c10,"dorymyrmexsp,solenopsissp"
20191012M02,p16,uid:emdilone|2019-08-29T15:45:41.211906Z,2019-10-31 17:06:50.256,2019-10-31 17:06:50.249,uuid:2c59d217-6cf7-4ba0-a237-4e0b8ddf99a5,2019-10-18 00:00:00,emdr,NULL,uuid:2c59d217-6cf7-4ba0-a237-4e0b8ddf99a5,"brachymyrmexsp,dorymyrmexsp"
20191012M03,p40,uid:emdilone|2019-08-29T15:45:41.211906Z,2019-10-31 17:06:50.553,2019-10-31 17:06:50.549,uuid:98a2c2b9-30be-44af-b688-7d4c4b91a847,2019-10-18 00:00:00,emdr,NULL,uuid:98a2c2b9-30be-44af-b688-7d4c4b91a847,solenopsissp
20191013M04,p24,uid:emdilone|2019-08-29T15:45:41.211906Z,2019-10-31 17:06:50.891,2019-10-31 17:06:50.879,uuid:8cd37d88-618e-4158-a8fc-f815d65aac47,2019-10-18 00:00:00,emdr,NULL,uuid:8cd37d88-618e-4158-a8fc-f815d65aac47,"brachymyrmexsp,cardiocondylasp,dorymyrmexsp,paratrechinasp,pheidolesp,tetramoriumsp"
20191013M05,p107,uid:emdilone|2019-08-29T15:45:41.211906Z,2019-10-31 17:06:51.194,2019-10-31 17:06:51.19,uuid:ec5c6c19-982b-4b12-89eb-b44e24789ec7,2019-10-18 00:00:00,emdr,NULL,uuid:ec5c6c19-982b-4b12-89eb-b44e24789ec7,"cardiocondylasp,dorymyrmexsp,pheidolesp,solenopsissp"
20191014M06,p171,uid:emdilone|2019-08-29T15:45:41.211906Z,2019-10-31 17:06:51.515,2019-10-31 17:06:51.511,uuid:af1bf522-b86e-4a86-891c-3b41ae1c4c5a,2019-10-24 00:00:00,emdr,NULL,uuid:af1bf522-b86e-4a86-891c-3b41ae1c4c5a,"brachymyrmexsp,dorymyrmexsp,solenopsissp"
20191025M10,p33,uid:emdilone|2019-08-29T15:45:41.211906Z,2019-10-31 17:06:55.918,2019-10-31 17:06:55.912,uuid:bdf1381b-e75b-4ea7-b5dd-ecd2a5434bfe,2019-10-25 00:00:00,emdr,NULL,uuid:bdf1381b-e75b-4ea7-b5dd-ecd2a5434bfe,"brachymyrmexsp,cardiocondylasp,dorymyrmexsp,pheidolesp,solenopsissp,wasmanniasp"
20191025M09,p42,uid:emdilone|2019-08-29T15:45:41.211906Z,2019-10-31 17:06:56.234,2019-10-31 17:06:56.229,uuid:3655a453-308d-4abb-aa44-795d5a1d6427,2019-10-31 00:00:00,emdr,NULL,uuid:3655a453-308d-4abb-aa44-795d5a1d6427,"brachymyrmexsp,dorymyrmexsp,paratrechinasp,solenopsissp"
20191024M08,p134,uid:emdilone|2019-08-29T15:45:41.211906Z,2019-10-31 17:06:57.435,2019-10-31 17:06:57.429,uuid:d150b6e8-f225-46e2-b14f-29ac48c9f4a2,2019-10-31 00:00:00,emdr,NULL,uuid:d150b6e8-f225-46e2-b14f-29ac48c9f4a2,"brachymyrmexsp,cardiocondylasp,pheidolesp,solenopsissp"
20191026M11,p132,uid:emdilone|2019-08-29T15:45:41.211906Z,2019-10-31 17:06:57.757,2019-10-31 17:06:57.749,uuid:85e1eea9-73b5-4b9c-ba52-b2c10af6ad57,2019-10-31 00:00:00,emdr,NULL,uuid:85e1eea9-73b5-4b9c-ba52-b2c10af6ad57,"dorymyrmexsp,pheidolesp,pseudomyrmexsp,solenopsissp,tetramoriumsp"
H20190914m1,p148,uid:mangoland|2019-08-27T17:32:44.139596Z,2019-11-01 01:09:37.795,2019-11-01 01:09:37.785,uuid:a69d441b-b97f-43cf-81b6-98bf15b72546,2019-09-14 00:00:00,"mlt,otra","Juda Martínez, Diyael Sosa",uuid:a69d441b-b97f-43cf-81b6-98bf15b72546,"dorymyrmexantillana,paratrechinalongicornis"
H20191012m2,p107,uid:mangoland|2019-08-27T17:32:44.139596Z,2019-11-01 01:09:38.104,2019-11-01 01:09:38.101,uuid:fd53295f-ab64-4e52-b3be-3593b2d5e97d,2019-10-12 00:00:00,"mlt,otra",Diyael Sosa,uuid:fd53295f-ab64-4e52-b3be-3593b2d5e97d,"dorymyrmexantillana,monomoriumpharaonis"
H20191012m3,p86,uid:mangoland|2019-08-27T17:32:44.139596Z,2019-11-01 01:09:38.424,2019-11-01 01:09:38.42,uuid:76381b03-d0a6-4dca-a47d-d8ba71ab5d2a,2019-10-12 00:00:00,"mlt,otra",Diyael Sosa,uuid:76381b03-d0a6-4dca-a47d-d8ba71ab5d2a,"brachymyrmexsp,dorymyrmexantillana"
H20191012m4,p104,uid:mangoland|2019-08-27T17:32:44.139596Z,2019-11-01 01:09:38.802,2019-11-01 01:09:38.795,uuid:cbf72b09-301a-4a85-ab66-51335135dd8e,2019-10-12 00:00:00,"mlt,otra",Diyael Sosa,uuid:cbf72b09-301a-4a85-ab66-51335135dd8e,otra
H20191012m5,p16,uid:mangoland|2019-08-27T17:32:44.139596Z,2019-11-01 01:09:39.103,2019-11-01 01:09:39.099,uuid:37554158-d070-4458-a13a-262bc1717267,2019-10-12 00:00:00,"mlt,otra",Diyael Sosa,uuid:37554158-d070-4458-a13a-262bc1717267,"brachymyrmexsp,dorymyrmexantillana,pheidolejelskii,pheidolesubarmata,solenopsisgeminata"
H20191012m6,p28,uid:mangoland|2019-08-27T17:32:44.139596Z,2019-11-01 01:09:39.411,2019-11-01 01:09:39.404,uuid:6f164603-1113-460d-a850-75b5cf4284a0,2019-10-12 00:00:00,"mlt,otra",Diyael Sosa,uuid:6f164603-1113-460d-a850-75b5cf4284a0,"brachymyrmexsp,dorymyrmexantillana,solenopsisgeminata"
H20191012m7,p178,uid:mangoland|2019-08-27T17:32:44.139596Z,2019-11-01 01:09:39.722,2019-11-01 01:09:39.717,uuid:a6c7b0cf-844d-4ca1-894e-81e6707c6bfb,2019-10-12 00:00:00,"mlt,otra",Diyael Sosa,uuid:a6c7b0cf-844d-4ca1-894e-81e6707c6bfb,"dorymyrmexantillana,paratrechinalongicornis"
H20191013m8,p8,uid:mangoland|2019-08-27T17:32:44.139596Z,2019-11-01 02:33:55.809,2019-11-01 02:33:55.796,uuid:bc9ed3ac-c522-4907-a049-011e5e20b0b9,2019-10-15 00:00:00,"mlt,otra",Diyael Sosa,uuid:bc9ed3ac-c522-4907-a049-011e5e20b0b9,"dorymyrmexantillana,paratrechinalongicornis"
H20191013m9,p140,uid:mangoland|2019-08-27T17:32:44.139596Z,2019-11-01 02:33:56.098,2019-11-01 02:33:56.094,uuid:dec72267-b3ac-4b22-b8f0-ddcda3ca550c,2019-10-15 00:00:00,"mlt,otra",Diyael Sosa,uuid:dec72267-b3ac-4b22-b8f0-ddcda3ca550c,otra
H20191013m10,p122,uid:mangoland|2019-08-27T17:32:44.139596Z,2019-11-01 02:33:56.349,2019-11-01 02:33:56.346,uuid:61427a1f-6fd4-433c-a898-94ce7d88afb8,2019-10-15 00:00:00,"mlt,otra",Diyael Sosa,uuid:61427a1f-6fd4-433c-a898-94ce7d88afb8,"brachymyrmexheeri,dorymyrmexantillana"
H20191013m11,p156,uid:mangoland|2019-08-27T17:32:44.139596Z,2019-11-01 02:33:56.646,2019-11-01 02:33:56.643,uuid:7a2200fa-665e-491c-85ba-674156289bd5,2019-10-15 00:00:00,"mlt,otra",Diyael Sosa,uuid:7a2200fa-665e-491c-85ba-674156289bd5,otra
20190928k2.1,p157,uid:maritzafg|2019-08-27T17:32:44.140548Z,2019-11-02 22:10:07.8,2019-11-02 22:10:07.79,uuid:352513f6-a40b-48ca-b7a4-e9fb3b7aea2f,2019-10-18 00:00:00,kmfg,NULL,uuid:352513f6-a40b-48ca-b7a4-e9fb3b7aea2f,dorymyrmexsp
